<?xml version="1.0" encoding="UTF-8" ?>
<!DOCTYPE struts PUBLIC
	"-//Apache Software Foundation//DTD Struts Configuration 2.3//EN"
	"http://struts.apache.org/dtds/struts-2.3.dtd">

<struts>
         <package name="xaingmu" extends="struts-default, json-default" namespace="/">
	        	
	        	<!-- 登陆 -->
	        	<action  name="LoginIn" class="com.struts2.action.Loginin" method="execute">
		        	<result type="json">
		        	<param name="root">result</param>
		        	</result>
	        	</action>
	        	
	        	<!-- 注册-->
	        	<action  name="SignUp" class="com.struts2.action.Signup" >
		        	<result type="json">
		        	<param name="root">result</param>
		        	</result>
	        	</action>
	        	
	        	<!-- 退出登录-->
	        	<action  name="SignOut" class="com.struts2.action.SignOut">
		        	<result type="json">
		        	<param name="root">result</param>
		        	</result>
	        	</action>
	        	
	        	
	        	<!-- 搜索教师-->
	        	<action  name="searchTeacher" class="com.struts2.action.WebFunction" method="SearchTeacher">
		        	<result type="json">
		        	<param name="root">result</param>
		        	</result>
	        	</action>
	        	
	        	<!-- 预约教师-->
	        	<action  name="addOrder" class="com.struts2.action.WebFunction" method="addOrder">
		        	<result type="json">
		        	<param name="root">result</param>
		        	</result>
	        	</action>
	        	
	        	<!-- 取消预约-->
	        	<action  name="cancelOrder" class="com.struts2.action.WebFunction" method="cancelOrder">
		        	<result type="json">
		        	<param name="root">result</param>
		        	</result>
	        	</action>
	        	
	        	<!-- 教师增加日程-->
	        	<action  name="addSchedule" class="com.struts2.action.WebFunction" method="addSchedule">
		        	<result type="json">
		        	<param name="root">result</param>
		        	</result>
	        	</action>
	        	
	        	<!-- 老师同意预约-->
	        	<action  name="teacherAgreeOrder" class="com.struts2.action.WebFunction" method="teacherAgreeOrder">
		        	<result type="json">
		        	<param name="root">result</param>
		        	</result>
	        	</action>
	        	
	        	<!-- 老师拒绝预约-->
	        	<action  name="teacherCancelOrder" class="com.struts2.action.WebFunction" method="teacherCancelOrder">
		        	<result type="json">
		        	<param name="root">result</param>
		        	</result>
	        	</action>
	        	
	        	
	        	<!--更改日程-->
	        	<action  name="changeSchedule" class="com.struts2.action.WebFunction" method="changeSchedule">
		        	<result type="json">
		        	<param name="root">result</param>
		        	</result>
	        	</action>
	        	<action  name="fchangeSchedule" class="com.struts2.action.WebFunction" method="fchangeSchedule">
		        	<result type="json">
		        	<param name="root">result</param>
		        	</result>
	        	</action>
	        	<!--删除日程-->
	        	<action  name="deleteSchedule" class="com.struts2.action.WebFunction" method="deleteSchedule">
		        	<result type="json">
		        	<param name="root">result</param>
		        	</result>
	        	</action>
	        	
	        	
                <!--随机选取老师显示 -->
	        	<action  name="chooseTeacher" class="com.struts2.action.WebFunction" method="chooseTeacher">
		        	<result type="json">
		        	<param name="root">result</param>
		        	</result>
	        	</action>
	        	
	        	<!--  显示日程-->
	        	<action  name="showSchedule" class="com.struts2.action.WebFunction" method="showSchedule">
		        	<result type="json">
		        	<param name="root">result</param>
		        	</result>
	        	</action>
	        	
	        	<!--教师上传头像 -->
	        	<action  name="TeacherUploadPhoto" class="com.struts2.action.UploadPhoto">
		        	<result name="sucess" type="redirect">index.jsp</result>
		        	<result name="error" type="redirect">photo.jsp</result>
	        	</action>
	        	<!--学生上传头像 -->
	        	<action  name="StudentAdminAction" class="com.struts2.action.UploadPhoto" method="StudentAdminAction">
		        	<result name="sucess" type="redirect">index.jsp</result>
		        	<result name="error" type="redirect">photo.jsp</result>
	        	</action>
	        	
	        	
	        	<!-- 管理员功能 -->
	        	<action  name="AdminAction" class="com.admin.action.AdminAction"  method="Teachers">
		        	<result type="json">
		        	<param name="root">result</param>
		        	</result>
		        </action>
		        
		        <!-- 通过教师的注册审核 -->
	        	<action  name="AuditTeacherSigin" class="com.admin.action.AdminAction"  method="AuditTeacherSigin">
		        	<result type="json">
		        	<param name="root">result</param>
		        	</result>
		        </action>
		        
		        <!-- 拒绝教师的注册审核 -->
	        	<action  name="NoAuditTeacherSigin" class="com.admin.action.AdminAction"  method="NoAuditTeacherSigin">
		        	<result type="json">
		        	<param name="root">result</param>
		        	</result>
		        </action>
		        
		         <!-- 通过学生的注册审核 -->
	        	<action  name="AuditStudentSigin" class="com.admin.action.AdminAction"  method="AuditStudentSigin">
		        	<result type="json">
		        	<param name="root">result</param>
		        	</result>
		        </action>
		        
		        <!-- 拒绝学生的注册审核 -->
	        	<action  name="NoAuditStudentSigin" class="com.admin.action.AdminAction"  method="NoAuditStudentSigin">
		        	<result type="json">
		        	<param name="root">result</param>
		        	</result>
		        </action>
		        
		           <!-- 管理员登陆 -->
	        	<action  name="AdminLogin" class="com.admin.action.AdminAction" >
		        	<result name="sucess" type="redirect">admin/admin.jsp</result>
		        	<result name="error" type="redirect">admin/admin_login.jsp</result>
		        </action>
		        
		          <!-- 管理员退出 -->
	        	<action  name="SiginOut" class="com.admin.action.AdminAction" method="SiginOut">
		        	<result name="error" type="redirect">admin/admin.jsp</result>
		        	<result name="sucess" type="redirect">admin/admin_login.jsp</result>
		        </action>
		        
		         <!-- 增加教师的个人主页 -->
	        	<action  name="AddBaike" class="com.admin.action.AdminAction"  method="AddBaike">
		        	<result type="json">
		        	<param name="root">result</param>
		        	</result>
		        </action>
		        
		        <!--更改老师信息-->
	        	<action  name="changeTeacherInf" class="com.struts2.action.WebFunction" method="changeTeacherInf">
		        	<result type="json">
		        	<param name="root">result</param>
		        	</result>
	        	</action>
	        	
	        	<!--更改学生信息-->
	        	<action  name="changeStudentInf" class="com.struts2.action.WebFunction" method="changeStudentInf">
		        	<result type="json">
		        	<param name="root">result</param>
		        	</result>
	        	</action>
	        	
	        		<!--显示用户反馈信息列表-->
	        	<action  name="HiddenFeedback" class="com.admin.action.AdminAction" method="HiddenFeedback">
		        	<result type="json">
		        	<param name="root">result</param>
		        	</result>
	        	</action>
	        	
	        	
	        	<!--用户反馈信息信息-->
	        	<action  name="FeedBack" class="com.struts2.action.WebFunction" method="FeedBack">
		        	<result type="json">
		        	<param name="root">result</param>
		        	</result>
	        	</action>
	        	
	        	
         </package>

</struts>
